taxon_species,taxon_genus,taxon_family,taxon_order,Maximum longevity (years),generation time (days)
Echinops telfairi,Echinops,Tenrecidae,,19,420
Hemicentetes semispinosus,Hemicentetes,Tenrecidae,,2.7,94
Nesogale dobsoni,Nesogale,Tenrecidae,,5.6,730
Nesogale talazaci,Nesogale,Tenrecidae,,5.8,700
Setifer setosus,Setifer,Tenrecidae,,14.1,252
Tenrec ecaudatus,Tenrec,Tenrecidae,,8.7,240
Antilocapra americana,Antilocapra,Antilocapridae,Artiodactyla,17,782
Addax nasomaculatus,Addax,Bovidae,Artiodactyla,28,1347
Aepyceros melampus,Aepyceros,Bovidae,Artiodactyla,25.6,654
Alcelaphus buselaphus,Alcelaphus,Bovidae,Artiodactyla,22.5,977
Ammotragus lervia,Ammotragus,Bovidae,Artiodactyla,21.7,484
Antidorcas marsupialis,Antidorcas,Bovidae,Artiodactyla,19.8,381
Antilope cervicapra,Antilope,Bovidae,Artiodactyla,23.9,634
Bison bison,Bison,Bovidae,Artiodactyla,33.5,1186
Bison bonasus,Bison,Bovidae,Artiodactyla,26.4,1000
Bos frontalis,Bos,Bovidae,Artiodactyla,26.2,865
Bos grunniens,Bos,Bovidae,Artiodactyla,26.3,1012
Bos javanicus,Bos,Bovidae,Artiodactyla,27.1,1025
Bos taurus,Bos,Bovidae,Artiodactyla,20,825
Boselaphus tragocamelus,Boselaphus,Bovidae,Artiodactyla,21.7,1070
Bubalus bubalis,Bubalus,Bovidae,Artiodactyla,34.9,813
Bubalus depressicornis,Bubalus,Bovidae,Artiodactyla,36.1,1030
Bubalus quarlesi,Bubalus,Bovidae,Artiodactyla,29.2,1050
Budorcas taxicolor,Budorcas,Bovidae,Artiodactyla,21.9,940
Capra caucasica,Capra,Bovidae,Artiodactyla,19.3,1047
Capra cylindricornis,Capra,Bovidae,Artiodactyla,20.2,1180
Capra falconeri,Capra,Bovidae,Artiodactyla,19.1,908
Capra hircus,Capra,Bovidae,Artiodactyla,20.8,561
Capra ibex,Capra,Bovidae,Artiodactyla,21,966
Capra nubiana,Capra,Bovidae,Artiodactyla,22.4,968
Capra sibirica,Capra,Bovidae,Artiodactyla,22.3,972
Capricornis crispus,Capricornis,Bovidae,Artiodactyla,24,1310
Capricornis sumatraensis,Capricornis,Bovidae,Artiodactyla,18.5,1125
Cephalophus dorsalis,Cephalophus,Bovidae,Artiodactyla,17.5,814
Cephalophorus rufilatus,Cephalophorus,Bovidae,Artiodactyla,15.2,500
Connochaetes gnou,Connochaetes,Bovidae,Artiodactyla,21.8,1022
Connochaetes taurinus,Connochaetes,Bovidae,Artiodactyla,24.3,664
Damaliscus lunatus,Damaliscus,Bovidae,Artiodactyla,35,877
Damaliscus pygargus,Damaliscus,Bovidae,Artiodactyla,23,950
Eudorcas rufifrons,Eudorcas,Bovidae,Artiodactyla,14.5,540
Eudorcas thomsonii,Eudorcas,Bovidae,Artiodactyla,20,535
Gazella cuvieri,Gazella,Bovidae,Artiodactyla,17.9,520
Gazella dorcas,Gazella,Bovidae,Artiodactyla,23.7,912
Gazella gazella,Gazella,Bovidae,Artiodactyla,18.3,656
Gazella leptoceros,Gazella,Bovidae,Artiodactyla,14.6,333
Gazella saudiya,Gazella,Bovidae,Artiodactyla,21,655
Gazella subgutturosa,Gazella,Bovidae,Artiodactyla,16.3,821
Hemitragus hylocrius,Hemitragus,Bovidae,Artiodactyla,17.3,857
Hemitragus jemlahicus,Hemitragus,Bovidae,Artiodactyla,24,730
Hippotragus equinus,Hippotragus,Bovidae,Artiodactyla,25.9,1014
Hippotragus niger,Hippotragus,Bovidae,Artiodactyla,22.2,1039
Kobus ellipsiprymnus,Kobus,Bovidae,Artiodactyla,30,1035
Kobus kob,Kobus,Bovidae,Artiodactyla,21.9,654
Kobus leche,Kobus,Bovidae,Artiodactyla,27,1127
Kobus megaceros,Kobus,Bovidae,Artiodactyla,21.1,965
Litocranius walleri,Litocranius,Bovidae,Artiodactyla,17.3,563
Madoqua guentheri,Madoqua,Bovidae,Artiodactyla,17.5,317
Madoqua kirkii,Madoqua,Bovidae,Artiodactyla,17.3,385
Naemorhedus baileyi,Naemorhedus,Bovidae,Artiodactyla,19,1163
Naemorhedus caudatus,Naemorhedus,Bovidae,Artiodactyla,20.3,1165
Naemorhedus goral,Naemorhedus,Bovidae,Artiodactyla,17.6,715
Nanger dama,Nanger,Bovidae,Artiodactyla,19.3,317
Nanger granti,Nanger,Bovidae,Artiodactyla,23,447
Nanger soemmerringii,Nanger,Bovidae,Artiodactyla,15.5,830
Neotragus moschatus,Neotragus,Bovidae,Artiodactyla,13.5,363
Neotragus pygmaeus,Neotragus,Bovidae,Artiodactyla,11.1,670
Oreamnos americanus,Oreamnos,Bovidae,Artiodactyla,20.8,1096
Oreotragus oreotragus,Oreotragus,Bovidae,Artiodactyla,25.9,561
Oryx dammah,Oryx,Bovidae,Artiodactyla,27.5,886
Oryx gazella,Oryx,Bovidae,Artiodactyla,23.8,820
Oryx leucoryx,Oryx,Bovidae,Artiodactyla,20.8,1037
Ourebia ourebi,Ourebia,Bovidae,Artiodactyla,15.9,497
Ovibos moschatus,Ovibos,Bovidae,Artiodactyla,27.4,1354
Ovis ammon,Ovis,Bovidae,Artiodactyla,16.8,573
Ovis aries,Ovis,Bovidae,Artiodactyla,22.8,694
Ovis canadensis,Ovis,Bovidae,Artiodactyla,20.6,887
Ovis dalli,Ovis,Bovidae,Artiodactyla,19.6,857
Philantomba maxwellii,Philantomba,Bovidae,Artiodactyla,18.3,850
Philantomba monticola,Philantomba,Bovidae,Artiodactyla,15.9,680
Procapra gutturosa,Procapra,Bovidae,Artiodactyla,12,717
Pseudois nayaur,Pseudois,Bovidae,Artiodactyla,20.9,890
Raphicerus campestris,Raphicerus,Bovidae,Artiodactyla,9.3,435
Redunca fulvorufula,Redunca,Bovidae,Artiodactyla,15,604
Rupicapra rupicapra,Rupicapra,Bovidae,Artiodactyla,17.6,796
Sylvicapra grimmia,Sylvicapra,Bovidae,Artiodactyla,15.4,420
Syncerus caffer,Syncerus,Bovidae,Artiodactyla,32.8,1806
Taurotragus derbianus,Taurotragus,Bovidae,Artiodactyla,20.3,1371
Tragelaphus oryx,Tragelaphus,Bovidae,Artiodactyla,26.1,863
Tetracerus quadricornis,Tetracerus,Bovidae,Artiodactyla,17.4,577
Tragelaphus angasii,Tragelaphus,Bovidae,Artiodactyla,23,676
Tragelaphus eurycerus,Tragelaphus,Bovidae,Artiodactyla,22,1094
Tragelaphus imberbis,Tragelaphus,Bovidae,Artiodactyla,19.8,739
Tragelaphus scriptus,Tragelaphus,Bovidae,Artiodactyla,15.3,684
Tragelaphus spekii,Tragelaphus,Bovidae,Artiodactyla,22.6,643
Tragelaphus strepsiceros,Tragelaphus,Bovidae,Artiodactyla,23.5,745
Camelus bactrianus,Camelus,Camelidae,Artiodactyla,35.4,1673
Camelus dromedarius,Camelus,Camelidae,Artiodactyla,28.4,1500
Lama glama,Lama,Camelidae,Artiodactyla,28.9,1130
Lama guanicoe,Lama,Camelidae,Artiodactyla,33.7,700
Vicugna pacos,Vicugna,Camelidae,Artiodactyla,25.8,777
Vicugna vicugna,Vicugna,Camelidae,Artiodactyla,31.6,1070
Axis axis,Axis,Cervidae,Artiodactyla,20.8,992
Axis kuhlii,Axis,Cervidae,Artiodactyla,17.8,531
Axis porcinus,Axis,Cervidae,Artiodactyla,22.9,536
Capreolus capreolus,Capreolus,Cervidae,Artiodactyla,17.5,566
Cervus elaphus,Cervus,Cervidae,Artiodactyla,31.5,1097
Cervus nippon,Cervus,Cervidae,Artiodactyla,26.3,710
Dama dama,Dama,Cervidae,Artiodactyla,27,720
Elaphodus cephalophus,Elaphodus,Cervidae,Artiodactyla,22.7,819
Elaphurus davidianus,Elaphurus,Cervidae,Artiodactyla,27.5,1109
Hydropotes inermis,Hydropotes,Cervidae,Artiodactyla,13.9,373
Mazama americana,Mazama,Cervidae,Artiodactyla,17.1,620
Muntiacus muntjak,Muntiacus,Cervidae,Artiodactyla,18.8,482
Muntiacus reevesi,Muntiacus,Cervidae,Artiodactyla,23.2,473
Odocoileus hemionus,Odocoileus,Cervidae,Artiodactyla,22,685
Odocoileus virginianus,Odocoileus,Cervidae,Artiodactyla,23,507
Ozotoceros bezoarticus,Ozotoceros,Cervidae,Artiodactyla,21.9,578
Pudu puda,Pudu,Cervidae,Artiodactyla,18.3,474
Rangifer tarandus,Rangifer,Cervidae,Artiodactyla,21.8,890
Rucervus duvaucelii,Rucervus,Cervidae,Artiodactyla,24.5,1345
Rucervus eldii,Rucervus,Cervidae,Artiodactyla,20.5,749
Rusa alfredi,Rusa,Cervidae,Artiodactyla,18.5,838
Rusa timorensis,Rusa,Cervidae,Artiodactyla,21.1,715
Rusa unicolor,Rusa,Cervidae,Artiodactyla,26.4,882
Giraffa camelopardalis,Giraffa,Giraffidae,Artiodactyla,39.5,1735
Okapia johnstoni,Okapia,Giraffidae,Artiodactyla,33.5,1036
Hexaprotodon liberiensis,Hexaprotodon,Hippopotamidae,Artiodactyla,42.3,1477
Hippopotamus amphibius,Hippopotamus,Hippopotamidae,Artiodactyla,61.2,1513
Babyrousa babyrussa,Babyrousa,Suidae,Artiodactyla,22.9,701
Phacochoerus africanus,Phacochoerus,Suidae,Artiodactyla,30,742
Potamochoerus porcus,Potamochoerus,Suidae,Artiodactyla,22,1218
Sus barbatus,Sus,Suidae,Artiodactyla,16.2,484
Porcula salvania,Porcula,Suidae,Artiodactyla,14,808
Sus scrofa,Sus,Suidae,Artiodactyla,27,449
Sus verrucosus,Sus,Suidae,Artiodactyla,17,394
Pecari tajacu,Pecari,Tayassuidae,Artiodactyla,31.5,474
Tayassu pecari,Tayassu,Tayassuidae,Artiodactyla,28.5,706
Tragulus javanicus,Tragulus,Tragulidae,Artiodactyla,14,311
Tragulus napu,Tragulus,Tragulidae,Artiodactyla,16.7,290
Ailurus fulgens,Ailurus,Ailuridae,Carnivora,19,666
Canis adustus,Canis,Canidae,Carnivora,13.7,338
Canis aureus,Canis,Canidae,Carnivora,18.8,397
Canis latrans,Canis,Canidae,Carnivora,21.8,337
Canis lupus,Canis,Canidae,Carnivora,20.6,731
Canis mesomelas,Canis,Canidae,Carnivora,16.7,369
Cerdocyon thous,Cerdocyon,Canidae,Carnivora,12.7,329
Chrysocyon brachyurus,Chrysocyon,Canidae,Carnivora,16.8,794
Cuon alpinus,Cuon,Canidae,Carnivora,16.1,426
Lycalopex culpaeus,Lycalopex,Canidae,Carnivora,13.1,426
Lycalopex gymnocercus,Lycalopex,Canidae,Carnivora,13.7,361
Lycalopex vetulus,Lycalopex,Canidae,Carnivora,12.6,332
Lycaon pictus,Lycaon,Canidae,Carnivora,17,711
Nyctereutes procyonoides,Nyctereutes,Canidae,Carnivora,16.6,365
Otocyon megalotis,Otocyon,Canidae,Carnivora,17,433
Speothos venaticus,Speothos,Canidae,Carnivora,14.1,372
Urocyon cinereoargenteus,Urocyon,Canidae,Carnivora,16.2,402
Vulpes corsac,Vulpes,Canidae,Carnivora,13,557
Vulpes lagopus,Vulpes,Canidae,Carnivora,16.3,356
Vulpes macrotis,Vulpes,Canidae,Carnivora,15.8,419
Vulpes pallida,Vulpes,Canidae,Carnivora,16,365
Vulpes rueppellii,Vulpes,Canidae,Carnivora,14.3,418
Vulpes velox,Vulpes,Canidae,Carnivora,15.9,420
Vulpes vulpes,Vulpes,Canidae,Carnivora,21.3,356
Vulpes zerda,Vulpes,Canidae,Carnivora,16.3,325
Cryptoprocta ferox,Cryptoprocta,Eupleridae,Carnivora,23.1,1586
Fossa fossana,Fossa,Eupleridae,Carnivora,21.4,810
Galidia elegans,Galidia,Eupleridae,Carnivora,26,809
Acinonyx jubatus,Acinonyx,Felidae,Carnivora,20.5,544
Caracal caracal,Caracal,Felidae,Carnivora,20.3,530
Catopuma temminckii,Catopuma,Felidae,Carnivora,23,734
Felis catus,Felis,Felidae,Carnivora,30,354
Felis chaus,Felis,Felidae,Carnivora,20,395
Otocolobus manul,Otocolobus,Felidae,Carnivora,15.9,437
Felis margarita,Felis,Felidae,Carnivora,13.9,341
Felis nigripes,Felis,Felidae,Carnivora,15.6,511
Felis silvestris,Felis,Felidae,Carnivora,19,368
Leopardus geoffroyi,Leopardus,Felidae,Carnivora,23,554
Leopardus pardalis,Leopardus,Felidae,Carnivora,28.2,677
Leopardus wiedii,Leopardus,Felidae,Carnivora,24,740
Leptailurus serval,Leptailurus,Felidae,Carnivora,22.4,891
Lynx canadensis,Lynx,Felidae,Carnivora,26.8,561
Lynx lynx,Lynx,Felidae,Carnivora,26,705
Lynx rufus,Lynx,Felidae,Carnivora,32.3,430
Neofelis nebulosa,Neofelis,Felidae,Carnivora,19.8,819
Panthera leo,Panthera,Felidae,Carnivora,28,1204
Panthera onca,Panthera,Felidae,Carnivora,28,829
Panthera pardus,Panthera,Felidae,Carnivora,27.3,1034
Panthera tigris,Panthera,Felidae,Carnivora,26.3,1373
Prionailurus bengalensis,Prionailurus,Felidae,Carnivora,17,427
Profelis aurata,Profelis,Felidae,Carnivora,21,732
Puma concolor,Puma,Felidae,Carnivora,27,1004
Puma yagouaroundi,Puma,Felidae,Carnivora,18.6,876
Panthera uncia,Panthera,Felidae,Carnivora,21.2,826
Atilax paludinosus,Atilax,Herpestidae,Carnivora,20.8,311
Crossarchus obscurus,Crossarchus,Herpestidae,Carnivora,13.3,332
Cynictis penicillata,Cynictis,Herpestidae,Carnivora,15.2,786
Galerella sanguinea,Galerella,Herpestidae,Carnivora,12.6,430
Helogale parvula,Helogale,Herpestidae,Carnivora,20,511
Herpestes edwardsi,Herpestes,Herpestidae,Carnivora,12.3,370
Urva javanica,Urva,Herpestidae,Carnivora,16.6,350
Mungos mungo,Mungos,Herpestidae,Carnivora,17.4,349
Suricata suricatta,Suricata,Herpestidae,Carnivora,20.6,442
Crocuta crocuta,Crocuta,Hyaenidae,Carnivora,41.1,1205
Parahyaena brunnea,Parahyaena,Hyaenidae,Carnivora,31.9,1092
Hyaena hyaena,Hyaena,Hyaenidae,Carnivora,25,890
Proteles cristata,Proteles,Hyaenidae,Carnivora,20,715
Conepatus leuconotus,Conepatus,Mephitidae,Carnivora,10.2,375
Mephitis mephitis,Mephitis,Mephitidae,Carnivora,13.9,398
Spilogale putorius,Spilogale,Mephitidae,Carnivora,10.5,183
Aonyx capensis,Aonyx,Mustelidae,Carnivora,14.2,428
Aonyx cinereus,Aonyx,Mustelidae,Carnivora,23,793
Eira barbara,Eira,Mustelidae,Carnivora,22.3,766
Enhydra lutris,Enhydra,Mustelidae,Carnivora,27,1114
Gulo gulo,Gulo,Mustelidae,Carnivora,19.5,745
Hydrictis maculicollis,Hydrictis,Mustelidae,Carnivora,22.9,903
Ictonyx striatus,Ictonyx,Mustelidae,Carnivora,14,340
Lontra canadensis,Lontra,Mustelidae,Carnivora,27,792
Lutra lutra,Lutra,Mustelidae,Carnivora,18.2,609
Martes americana,Martes,Mustelidae,Carnivora,17.8,393
Martes flavigula,Martes,Mustelidae,Carnivora,16,1413
Martes foina,Martes,Mustelidae,Carnivora,18.2,578
Martes martes,Martes,Mustelidae,Carnivora,18.2,484
Pekania pennanti,Pekania,Mustelidae,Carnivora,14.3,410
Martes zibellina,Martes,Mustelidae,Carnivora,18.4,486
Meles meles,Meles,Mustelidae,Carnivora,18.6,414
Mustela erminea,Mustela,Mustelidae,Carnivora,12.5,138
Mustela frenata,Mustela,Mustelidae,Carnivora,8.8,187
Mustela lutreola,Mustela,Mustelidae,Carnivora,8.4,377
Mustela nigripes,Mustela,Mustelidae,Carnivora,9.4,408
Mustela nivalis,Mustela,Mustelidae,Carnivora,9.1,156
Mustela putorius,Mustela,Mustelidae,Carnivora,11.1,354
Neogale vison,Neogale,Mustelidae,Carnivora,11.4,376
Pteronura brasiliensis,Pteronura,Mustelidae,Carnivora,17.3,798
Taxidea taxus,Taxidea,Mustelidae,Carnivora,25,224
Vormela peregusna,Vormela,Mustelidae,Carnivora,8.8,152
Nandinia binotata,Nandinia,Nandiniidae,Carnivora,21,1159
Arctocephalus australis,Arctocephalus,Otariidae,Carnivora,30.6,1331
Arctocephalus pusillus,Arctocephalus,Otariidae,Carnivora,32.1,1644
Eumetopias jubatus,Eumetopias,Otariidae,Carnivora,32.8,2054
Neophoca cinerea,Neophoca,Otariidae,Carnivora,24.1,1353
Otaria byronia,Otaria,Otariidae,Carnivora,29,1818
Zalophus californianus,Zalophus,Otariidae,Carnivora,35.7,1354
Halichoerus grypus,Halichoerus,Phocidae,Carnivora,42.9,1700
Phoca vitulina,Phoca,Phocidae,Carnivora,47.6,1348
Pusa hispida,Pusa,Phocidae,Carnivora,46,2077
Pusa sibirica,Pusa,Phocidae,Carnivora,56,2402
Bassaricyon alleni,Bassaricyon,Procyonidae,Carnivora,25.2,725
Bassaricyon gabbii,Bassaricyon,Procyonidae,Carnivora,21.8,758
Bassariscus astutus,Bassariscus,Procyonidae,Carnivora,19,352
Bassariscus sumichrasti,Bassariscus,Procyonidae,Carnivora,24,364
Nasua narica,Nasua,Procyonidae,Carnivora,26.4,790
Nasua nasua,Nasua,Procyonidae,Carnivora,23.7,803
Potos flavus,Potos,Procyonidae,Carnivora,38.4,935
Procyon cancrivorus,Procyon,Procyonidae,Carnivora,19,428
Procyon lotor,Procyon,Procyonidae,Carnivora,21,428
Ailuropoda melanoleuca,Ailuropoda,Ursidae,Carnivora,36.8,2240
Helarctos malayanus,Helarctos,Ursidae,Carnivora,35.9,2467
Melursus ursinus,Melursus,Ursidae,Carnivora,33.3,1293
Tremarctos ornatus,Tremarctos,Ursidae,Carnivora,39,1689
Ursus americanus,Ursus,Ursidae,Carnivora,34,1348
Ursus arctos,Ursus,Ursidae,Carnivora,40,1416
Ursus maritimus,Ursus,Ursidae,Carnivora,43.8,1799
Ursus thibetanus,Ursus,Ursidae,Carnivora,39.2,1323
Arctictis binturong,Arctictis,Viverridae,Carnivora,27,1017
Arctogalidia trivirgata,Arctogalidia,Viverridae,Carnivora,16.1,1140
Civettictis civetta,Civettictis,Viverridae,Carnivora,28,430
Genetta genetta,Genetta,Viverridae,Carnivora,22.7,1557
Genetta tigrina,Genetta,Viverridae,Carnivora,21.3,1531
Paradoxurus hermaphroditus,Paradoxurus,Viverridae,Carnivora,24.5,401
Balaena mysticetus,Balaena,Balaenidae,Artiodactyla,211,8608
Eubalaena australis,Eubalaena,Balaenidae,Artiodactyla,70,3650
Eubalaena glacialis,Eubalaena,Balaenidae,Artiodactyla,67,3270
Balaenoptera acutorostrata,Balaenoptera,Balaenopteridae,Artiodactyla,50,3052
Balaenoptera borealis,Balaenoptera,Balaenopteridae,Artiodactyla,74,3997
Balaenoptera edeni,Balaenoptera,Balaenopteridae,Artiodactyla,72,3480
Balaenoptera musculus,Balaenoptera,Balaenopteridae,Artiodactyla,110,2177
Balaenoptera physalus,Balaenoptera,Balaenopteridae,Artiodactyla,114,3043
Megaptera novaeangliae,Megaptera,Balaenopteridae,Artiodactyla,95,1985
Delphinus delphis,Delphinus,Delphinidae,Artiodactyla,25,2055
Globicephala macrorhynchus,Globicephala,Delphinidae,Artiodactyla,63,3922
Globicephala melas,Globicephala,Delphinidae,Artiodactyla,60,2920
Grampus griseus,Grampus,Delphinidae,Artiodactyla,42.5,4017
Lagenorhynchus acutus,Lagenorhynchus,Delphinidae,Artiodactyla,27,2547
Lagenorhynchus obliquidens,Lagenorhynchus,Delphinidae,Artiodactyla,46,4152
Orcaella brevirostris,Orcaella,Delphinidae,Artiodactyla,30,2252
Orcinus orca,Orcinus,Delphinidae,Artiodactyla,90,4215
Peponocephala electra,Peponocephala,Delphinidae,Artiodactyla,47,4655
Pseudorca crassidens,Pseudorca,Delphinidae,Artiodactyla,62.5,3919
Stenella attenuata,Stenella,Delphinidae,Artiodactyla,46,3328
Stenella coeruleoalba,Stenella,Delphinidae,Artiodactyla,57.5,3184
Tursiops truncatus,Tursiops,Delphinidae,Artiodactyla,51.6,3196
Eschrichtius robustus,Eschrichtius,Eschrichtiidae,Artiodactyla,77,3317
Berardius bairdii,Berardius,Ziphiidae,Artiodactyla,84,4900
Hyperoodon ampullatus,Hyperoodon,Ziphiidae,Artiodactyla,37,4017
Inia geoffrensis,Inia,Iniidae,Artiodactyla,31.3,2113
Lipotes vexillifer,Lipotes,Lipotidae,Artiodactyla,24,3239
Delphinapterus leucas,Delphinapterus,Monodontidae,Artiodactyla,40,2060
Monodon monoceros,Monodon,Monodontidae,Artiodactyla,50,2641
Neophocaena phocaenoides,Neophocaena,Phocoenidae,Artiodactyla,33,2510
Phocoena phocoena,Phocoena,Phocoenidae,Artiodactyla,20.4,1375
Phocoenoides dalli,Phocoenoides,Phocoenidae,Artiodactyla,22,2173
Physeter catodon,Physeter,Physeteridae,Artiodactyla,77,3424
Taphozous georgianus,Taphozous,Emballonuridae,Chiroptera,4,377
Hipposideros fulvus,Hipposideros,Hipposideridae,Chiroptera,13,721
Macroderma gigas,Macroderma,Megadermatidae,Chiroptera,22.6,456
Megaderma lyra,Megaderma,Megadermatidae,Chiroptera,14,690
Miniopterus schreibersii,Miniopterus,Vespertilionidae,Chiroptera,22,677
Molossus molossus,Molossus,Molossidae,Chiroptera,5.6,211
Tadarida brasiliensis,Tadarida,Molossidae,Chiroptera,12,351
Tadarida teniotis,Tadarida,Molossidae,Chiroptera,13,411
Noctilio leporinus,Noctilio,Noctilionidae,Chiroptera,11.8,400
Artibeus jamaicensis,Artibeus,Phyllostomidae,Chiroptera,19.2,365
Carollia perspicillata,Carollia,Phyllostomidae,Chiroptera,17,353
Desmodus rotundus,Desmodus,Phyllostomidae,Chiroptera,29.2,474
Macrotus californicus,Macrotus,Phyllostomidae,Chiroptera,17,390
Macrotus waterhousii,Macrotus,Phyllostomidae,Chiroptera,10.4,335
Phyllostomus hastatus,Phyllostomus,Phyllostomidae,Chiroptera,18,850
Sturnira lilium,Sturnira,Phyllostomidae,Chiroptera,12,394
Cynopterus brachyotis,Cynopterus,Pteropodidae,Chiroptera,10.1,325
Cynopterus sphinx,Cynopterus,Pteropodidae,Chiroptera,10,270
Dobsonia moluccensis,Dobsonia,Pteropodidae,Chiroptera,12.3,865
Epomophorus wahlbergi,Epomophorus,Pteropodidae,Chiroptera,10.1,409
Haplonycteris fischeri,Haplonycteris,Pteropodidae,Chiroptera,10,210
Pteropus giganteus,Pteropus,Pteropodidae,Chiroptera,44,510
Pteropus hypomelanus,Pteropus,Pteropodidae,Chiroptera,20.3,534
Pteropus poliocephalus,Pteropus,Pteropodidae,Chiroptera,23.6,730
Pteropus rodricensis,Pteropus,Pteropodidae,Chiroptera,28,953
Rousettus aegyptiacus,Rousettus,Pteropodidae,Chiroptera,22.9,481
Rousettus leschenaultii,Rousettus,Pteropodidae,Chiroptera,14,265
Rhinolophus euryale,Rhinolophus,Rhinolophidae,Chiroptera,13,911
Rhinolophus ferrumequinum,Rhinolophus,Rhinolophidae,Chiroptera,30.5,810
Rhinolophus hipposideros,Rhinolophus,Rhinolophidae,Chiroptera,29.4,567
Antrozous pallidus,Antrozous,Vespertilionidae,Chiroptera,14.8,427
Chalinolobus gouldii,Chalinolobus,Vespertilionidae,Chiroptera,7.8,457
Corynorhinus townsendii,Corynorhinus,Vespertilionidae,Chiroptera,20.5,288
Eptesicus fuscus,Eptesicus,Vespertilionidae,Chiroptera,19,582
Lasionycteris noctivagans,Lasionycteris,Vespertilionidae,Chiroptera,12,207
Myotis blythii,Myotis,Vespertilionidae,Chiroptera,33,490
Myotis daubentonii,Myotis,Vespertilionidae,Chiroptera,28,784
Myotis keenii,Myotis,Vespertilionidae,Chiroptera,19,415
Myotis lucifugus,Myotis,Vespertilionidae,Chiroptera,34,265
Myotis myotis,Myotis,Vespertilionidae,Chiroptera,37.1,567
Myotis nigricans,Myotis,Vespertilionidae,Chiroptera,7,153
Myotis velifer,Myotis,Vespertilionidae,Chiroptera,11.3,430
Nyctalus noctula,Nyctalus,Vespertilionidae,Chiroptera,12,150
Nyctophilus gouldi,Nyctophilus,Vespertilionidae,Chiroptera,4,350
Perimyotis subflavus,Perimyotis,Vespertilionidae,Chiroptera,14.8,256
Pipistrellus pipistrellus,Pipistrellus,Vespertilionidae,Chiroptera,16.6,498
Plecotus auritus,Plecotus,Vespertilionidae,Chiroptera,30,430
Plecotus austriacus,Plecotus,Vespertilionidae,Chiroptera,25.5,417
Vespertilio murinus,Vespertilio,Vespertilionidae,Chiroptera,14.5,780
Chaetophractus villosus,Chaetophractus,Chlamyphoridae,Cingulata,25.2,340
Dasypus novemcinctus,Dasypus,Dasypodidae,Cingulata,22.3,498
Dasypus septemcinctus,Dasypus,Dasypodidae,Cingulata,16.8,406
Euphractus sexcinctus,Euphractus,Chlamyphoridae,Cingulata,22.1,342
Priodontes maximus,Priodontes,Chlamyphoridae,Cingulata,15,442
Tolypeutes matacus,Tolypeutes,Chlamyphoridae,Cingulata,36.8,440
Zaedyus pichiy,Zaedyus,Chlamyphoridae,Cingulata,12.5,380
Antechinomys laniger,Antechinomys,Dasyuridae,Dasyuromorphia,3.5,362
Antechinus agilis,Antechinus,Dasyuridae,Dasyuromorphia,4.7,357
Antechinus bellus,Antechinus,Dasyuridae,Dasyuromorphia,3.4,380
Antechinus flavipes,Antechinus,Dasyuridae,Dasyuromorphia,3.9,370
Antechinus stuartii,Antechinus,Dasyuridae,Dasyuromorphia,5.4,315
Antechinus swainsonii,Antechinus,Dasyuridae,Dasyuromorphia,3.3,358
Dasycercus cristicauda,Dasycercus,Dasyuridae,Dasyuromorphia,7.4,353
Dasyuroides byrnei,Dasyuroides,Dasyuridae,Dasyuromorphia,8,271
Dasyurus geoffroii,Dasyurus,Dasyuridae,Dasyuromorphia,6.2,381
Dasyurus maculatus,Dasyurus,Dasyuridae,Dasyuromorphia,6.8,361
Dasyurus viverrinus,Dasyurus,Dasyuridae,Dasyuromorphia,6.8,355
Parantechinus apicalis,Parantechinus,Dasyuridae,Dasyuromorphia,5.5,363
Phascogale calura,Phascogale,Dasyuridae,Dasyuromorphia,4.7,359
Phascogale tapoatafa,Phascogale,Dasyuridae,Dasyuromorphia,5.9,394
Planigale maculata,Planigale,Dasyuridae,Dasyuromorphia,5.8,310
Planigale tenuirostris,Planigale,Dasyuridae,Dasyuromorphia,5.2,259
Pseudantechinus macdonnellensis,Pseudantechinus,Dasyuridae,Dasyuromorphia,7,393
Sarcophilus harrisii,Sarcophilus,Dasyuridae,Dasyuromorphia,13,756
Sminthopsis crassicaudata,Sminthopsis,Dasyuridae,Dasyuromorphia,5,129
Sminthopsis macroura,Sminthopsis,Dasyuridae,Dasyuromorphia,4.9,131
Sminthopsis virginiae,Sminthopsis,Dasyuridae,Dasyuromorphia,5.3,245
Myrmecobius fasciatus,Myrmecobius,Myrmecobiidae,Dasyuromorphia,11,364
Caluromys derbianus,Caluromys,Didelphidae,Didelphimorphia,8.7,261
Caluromys philander,Caluromys,Didelphidae,Didelphimorphia,8.9,328
Didelphis aurita,Didelphis,Didelphidae,Didelphimorphia,4,184
Didelphis marsupialis,Didelphis,Didelphidae,Didelphimorphia,4.2,190
Didelphis virginiana,Didelphis,Didelphidae,Didelphimorphia,6.6,196
Gracilinanus agilis,Gracilinanus,Didelphidae,Didelphimorphia,6.1,290
Lutreolina crassicaudata,Lutreolina,Didelphidae,Didelphimorphia,2.9,197
Marmosa murina,Marmosa,Didelphidae,Didelphimorphia,3.6,420
Marmosa robinsoni,Marmosa,Didelphidae,Didelphimorphia,5,293
Monodelphis domestica,Monodelphis,Didelphidae,Didelphimorphia,5.1,137
Burramys parvus,Burramys,Burramyidae,Diprotodontia,12,335
Dendrolagus goodfellowi,Dendrolagus,Macropodidae,Diprotodontia,23.6,942
Dendrolagus inustus,Dendrolagus,Macropodidae,Diprotodontia,23.8,543
Dendrolagus matschiei,Dendrolagus,Macropodidae,Diprotodontia,26.9,877
Lagorchestes conspicillatus,Lagorchestes,Macropodidae,Diprotodontia,8.8,393
Notamacropus agilis,Notamacropus,Macropodidae,Diprotodontia,16.9,394
Osphranter antilopinus,Osphranter,Macropodidae,Diprotodontia,19.8,836
Notamacropus eugenii,Notamacropus,Macropodidae,Diprotodontia,15.1,302
Macropus fuliginosus,Macropus,Macropodidae,Diprotodontia,23.2,700
Macropus giganteus,Macropus,Macropodidae,Diprotodontia,25,675
Notamacropus parma,Notamacropus,Macropodidae,Diprotodontia,15.9,458
Osphranter robustus,Osphranter,Macropodidae,Diprotodontia,22,579
Notamacropus rufogriseus,Notamacropus,Macropodidae,Diprotodontia,15.2,424
Osphranter rufus,Osphranter,Macropodidae,Diprotodontia,25,550
Onychogalea fraenata,Onychogalea,Macropodidae,Diprotodontia,7.4,208
Petrogale brachyotis,Petrogale,Macropodidae,Diprotodontia,10.1,570
Petrogale concinna,Petrogale,Macropodidae,Diprotodontia,11.7,460
Petrogale penicillata,Petrogale,Macropodidae,Diprotodontia,14.3,570
Petrogale xanthopus,Petrogale,Macropodidae,Diprotodontia,14.4,572
Setonix brachyurus,Setonix,Macropodidae,Diprotodontia,13.8,278
Thylogale billardierii,Thylogale,Macropodidae,Diprotodontia,8.8,464
Thylogale brunii,Thylogale,Macropodidae,Diprotodontia,9.4,374
Thylogale stigmatica,Thylogale,Macropodidae,Diprotodontia,9.7,367
Wallabia bicolor,Wallabia,Macropodidae,Diprotodontia,16.8,462
Gymnobelideus leadbeateri,Gymnobelideus,Petauridae,Diprotodontia,14.1,491
Petaurus breviceps,Petaurus,Petauridae,Diprotodontia,17.8,252
Spilocuscus maculatus,Spilocuscus,Phalangeridae,Diprotodontia,17,235
Trichosurus vulpecula,Trichosurus,Phalangeridae,Diprotodontia,15.9,332
Phascolarctos cinereus,Phascolarctos,Phascolarctidae,Diprotodontia,22.1,677
Aepyprymnus rufescens,Aepyprymnus,Potoroidae,Diprotodontia,12.8,356
Bettongia penicillata,Bettongia,Potoroidae,Diprotodontia,18.8,198
Potorous longipes,Potorous,Potoroidae,Diprotodontia,15.3,793
Potorous tridactylus,Potorous,Potoroidae,Diprotodontia,14.5,430
Lasiorhinus krefftii,Lasiorhinus,Vombatidae,Diprotodontia,30,610
Lasiorhinus latifrons,Lasiorhinus,Vombatidae,Diprotodontia,29.9,568
Vombatus ursinus,Vombatus,Vombatidae,Diprotodontia,30,757
Atelerix albiventris,Atelerix,Erinaceidae,Eulipotyphla,11.4,119
Erinaceus amurensis,Erinaceus,Erinaceidae,Eulipotyphla,8,302
Erinaceus concolor,Erinaceus,Erinaceidae,Eulipotyphla,7,248
Erinaceus europaeus,Erinaceus,Erinaceidae,Eulipotyphla,11.7,283
Hemiechinus auritus,Hemiechinus,Erinaceidae,Eulipotyphla,7.6,252
Dendrohyrax arboreus,Dendrohyrax,Procaviidae,Hyracoidea,13.6,594
Procavia capensis,Procavia,Procaviidae,Hyracoidea,14.8,715
Lepus californicus,Lepus,Leporidae,Lagomorpha,11.8,287
Lepus europaeus,Lepus,Leporidae,Lagomorpha,10.7,278
Lepus timidus,Lepus,Leporidae,Lagomorpha,18,316
Oryctolagus cuniculus,Oryctolagus,Leporidae,Lagomorpha,13,760
Sylvilagus audubonii,Sylvilagus,Leporidae,Lagomorpha,7.8,193
Sylvilagus floridanus,Sylvilagus,Leporidae,Lagomorpha,9.8,153
Sylvilagus nuttallii,Sylvilagus,Leporidae,Lagomorpha,7.4,151
Sylvilagus palustris,Sylvilagus,Leporidae,Lagomorpha,7.6,253
Sylvilagus transitionalis,Sylvilagus,Leporidae,Lagomorpha,9.3,148
Ochotona hyperborea,Ochotona,Ochotonidae,Lagomorpha,9.4,231
Ochotona princeps,Ochotona,Ochotonidae,Lagomorpha,7,377
Elephantulus intufi,Elephantulus,Macroscelididae,Macroscelidea,9.3,387
Galegeeska rufescens,Galegeeska,Macroscelididae,Macroscelidea,7.9,111
Macroscelides proboscideus,Macroscelides,Macroscelididae,Macroscelidea,8.7,109
Rhynchocyon chrysopygus,Rhynchocyon,Macroscelididae,Macroscelidea,11,80
Ornithorhynchus anatinus,Ornithorhynchus,Ornithorhynchidae,Monotremata,22.6,565
Tachyglossus aculeatus,Tachyglossus,Tachyglossidae,Monotremata,49.5,570
Isoodon auratus,Isoodon,Peramelidae,Peramelemorphia,6.7,183
Isoodon macrourus,Isoodon,Peramelidae,Peramelemorphia,6.8,134
Isoodon obesulus,Isoodon,Peramelidae,Peramelemorphia,6.5,225
Perameles bougainville,Perameles,Peramelidae,Peramelemorphia,5.8,132
Perameles gunnii,Perameles,Peramelidae,Peramelemorphia,6.1,103
Perameles nasuta,Perameles,Peramelidae,Peramelemorphia,5.6,147
Peroryctes raffrayana,Peroryctes,Peroryctidae,Peramelemorphia,3.2,105
Macrotis lagotis,Macrotis,Peramelidae,Peramelemorphia,9.6,167
Equus asinus,Equus,Equidae,Perissodactyla,47,1067
Equus caballus,Equus,Equidae,Perissodactyla,57,1251
Equus grevyi,Equus,Equidae,Perissodactyla,31,1684
Equus hemionus,Equus,Equidae,Perissodactyla,31.6,1496
Equus kiang,Equus,Equidae,Perissodactyla,30.1,1300
Equus quagga,Equus,Equidae,Perissodactyla,38,1265
Equus zebra,Equus,Equidae,Perissodactyla,33.2,1371
Ceratotherium simum,Ceratotherium,Rhinocerotidae,Perissodactyla,45,2158
Dicerorhinus sumatrensis,Dicerorhinus,Rhinocerotidae,Perissodactyla,32.8,2974
Diceros bicornis,Diceros,Rhinocerotidae,Perissodactyla,57,2300
Rhinoceros unicornis,Rhinoceros,Rhinocerotidae,Perissodactyla,43.5,2157
Tapirus pinchaque,Tapirus,Tapiridae,Perissodactyla,28.5,1512
Tapirus terrestris,Tapirus,Tapiridae,Perissodactyla,39.6,1493
Choloepus didactylus,Choloepus,Megalonychidae,Pilosa,36.8,1558
Choloepus hoffmanni,Choloepus,Megalonychidae,Pilosa,41,1080
Myrmecophaga tridactyla,Myrmecophaga,Myrmecophagidae,Pilosa,31,1370
Tamandua mexicana,Tamandua,Myrmecophagidae,Pilosa,16,528
Tamandua tetradactyla,Tamandua,Myrmecophagidae,Pilosa,19,525
Aotus lemurinus,Aotus,Aotidae,Primates,33.8,890
Aotus trivirgatus,Aotus,Aotidae,Primates,30.1,963
Alouatta caraya,Alouatta,Atelidae,Primates,32.4,1354
Alouatta palliata,Alouatta,Atelidae,Primates,24,1281
Alouatta seniculus,Alouatta,Atelidae,Primates,25,1665
Ateles belzebuth,Ateles,Atelidae,Primates,37,1645
Ateles chamek,Ateles,Atelidae,Primates,42.8,1795
Ateles fusciceps,Ateles,Atelidae,Primates,46,1742
Ateles geoffroyi,Ateles,Atelidae,Primates,47.1,2057
Ateles marginatus,Ateles,Atelidae,Primates,44,1602
Ateles paniscus,Ateles,Atelidae,Primates,46,1745
Brachyteles arachnoides,Brachyteles,Atelidae,Primates,40,2970
Callimico goeldii,Callimico,Cebidae,Primates,22.2,518
Callithrix geoffroyi,Callithrix,Cebidae,Primates,17.6,621
Callithrix jacchus,Callithrix,Cebidae,Primates,22.8,621
Callithrix kuhlii,Callithrix,Cebidae,Primates,20,621
Callithrix penicillata,Callithrix,Cebidae,Primates,15.4,621
Cebuella pygmaea,Cebuella,Cebidae,Primates,18.6,809
Leontocebus fuscicollis,Leontocebus,Cebidae,Primates,24.9,693
Leontocebus nigricollis,Leontocebus,Cebidae,Primates,20.2,990
Leontopithecus chrysomelas,Leontopithecus,Cebidae,Primates,21.3,786
Leontopithecus chrysopygus,Leontopithecus,Cebidae,Primates,17.9,786
Leontopithecus rosalia,Leontopithecus,Cebidae,Primates,31.6,675
Mico argentatus,Mico,Cebidae,Primates,16.5,448
Mico humeralifer,Mico,Cebidae,Primates,15,448
Saguinus geoffroyi,Saguinus,Cebidae,Primates,20.5,690
Saguinus imperator,Saguinus,Cebidae,Primates,23.7,691
Saguinus midas,Saguinus,Cebidae,Primates,21,735
Saguinus mystax,Saguinus,Cebidae,Primates,20,631
Saguinus oedipus,Saguinus,Cebidae,Primates,26.2,726
Cebus albifrons,Cebus,Cebidae,Primates,40.4,1468
Cebus capucinus,Cebus,Cebidae,Primates,54,1667
Cebus olivaceus,Cebus,Cebidae,Primates,47,2352
Saimiri boliviensis,Saimiri,Cebidae,Primates,30.3,1249
Saimiri sciureus,Saimiri,Cebidae,Primates,30.2,1164
Sapajus apella,Sapajus,Cebidae,Primates,46,1861
Cercocebus agilis,Cercocebus,Cercopithecidae,Primates,31,1706
Cercocebus torquatus,Cercocebus,Cercopithecidae,Primates,46,1140
Cercopithecus ascanius,Cercopithecus,Cercopithecidae,Primates,31.2,1789
Cercopithecus campbelli,Cercopithecus,Cercopithecidae,Primates,30,1275
Cercopithecus cephus,Cercopithecus,Cercopithecidae,Primates,36,1632
Cercopithecus erythrogaster,Cercopithecus,Cercopithecidae,Primates,24,1744
Cercopithecus mitis,Cercopithecus,Cercopithecidae,Primates,37.8,1805
Cercopithecus neglectus,Cercopithecus,Cercopithecidae,Primates,30.8,1788
Cercopithecus nictitans,Cercopithecus,Cercopithecidae,Primates,31,1632
Cercopithecus pogonias,Cercopithecus,Cercopithecidae,Primates,27,1625
Cercopithecus wolfi,Cercopithecus,Cercopithecidae,Primates,24,1855
Chlorocebus aethiops,Chlorocebus,Cercopithecidae,Primates,32,1196
Colobus angolensis,Colobus,Cercopithecidae,Primates,35.3,1833
Colobus guereza,Colobus,Cercopithecidae,Primates,35,1636
Colobus polykomos,Colobus,Cercopithecidae,Primates,33.9,1827
Erythrocebus patas,Erythrocebus,Cercopithecidae,Primates,30,1123
Lophocebus albigena,Lophocebus,Cercopithecidae,Primates,36,1641
Macaca arctoides,Macaca,Cercopithecidae,Primates,29.2,1363
Macaca fascicularis,Macaca,Cercopithecidae,Primates,39,1403
Macaca fuscata,Macaca,Cercopithecidae,Primates,38.5,1657
Macaca maura,Macaca,Cercopithecidae,Primates,33,1990
Macaca mulatta,Macaca,Cercopithecidae,Primates,40,1396
Macaca nemestrina,Macaca,Cercopithecidae,Primates,37.6,1297
Macaca nigra,Macaca,Cercopithecidae,Primates,34,1666
Macaca ochreata,Macaca,Cercopithecidae,Primates,29,1662
Macaca radiata,Macaca,Cercopithecidae,Primates,30,1456
Macaca silenus,Macaca,Cercopithecidae,Primates,40,1605
Macaca sinica,Macaca,Cercopithecidae,Primates,29.3,1612
Macaca sylvanus,Macaca,Cercopithecidae,Primates,30,1563
Macaca thibetana,Macaca,Cercopithecidae,Primates,27,1624
Mandrillus leucophaeus,Mandrillus,Cercopithecidae,Primates,39,1456
Mandrillus sphinx,Mandrillus,Cercopithecidae,Primates,40,1359
Miopithecus talapoin,Miopithecus,Cercopithecidae,Primates,27.7,1564
Nasalis larvatus,Nasalis,Cercopithecidae,Primates,25.1,1626
Papio hamadryas,Papio,Cercopithecidae,Primates,37.5,1685
Pygathrix nemaeus,Pygathrix,Cercopithecidae,Primates,26,1631
Semnopithecus entellus,Semnopithecus,Cercopithecidae,Primates,29,1354
Trachypithecus vetulus,Trachypithecus,Cercopithecidae,Primates,26.1,1489
Theropithecus gelada,Theropithecus,Cercopithecidae,Primates,36,1559
Trachypithecus cristatus,Trachypithecus,Cercopithecidae,Primates,28.3,1611
Trachypithecus obscurus,Trachypithecus,Cercopithecidae,Primates,33.9,1606
Trachypithecus phayrei,Trachypithecus,Cercopithecidae,Primates,28.3,1628
Cheirogaleus major,Cheirogaleus,Cheirogaleidae,Primates,13.4,430
Cheirogaleus medius,Cheirogaleus,Cheirogaleidae,Primates,29,426
Microcebus murinus,Microcebus,Cheirogaleidae,Primates,18.2,304
Mirza coquereli,Mirza,Cheirogaleidae,Primates,17.4,401
Daubentonia madagascariensis,Daubentonia,Daubentoniidae,Primates,32.3,1047
Galago moholi,Galago,Galagidae,Primates,16.6,270
Galago senegalensis,Galago,Galagidae,Primates,17.1,366
Galagoides demidoff,Galagoides,Galagidae,Primates,13.4,367
Otolemur crassicaudatus,Otolemur,Galagidae,Primates,22.7,625
Otolemur garnettii,Otolemur,Galagidae,Primates,20,732
Gorilla gorilla,Gorilla,Hominidae,Primates,60.1,3085
Homo sapiens,Homo,Hominidae,Primates,122.5,5025
Pan paniscus,Pan,Hominidae,Primates,55,3426
Pan troglodytes,Pan,Hominidae,Primates,68,3605
Pongo pygmaeus,Pongo,Hominidae,Primates,59,2804
Hylobates agilis,Hylobates,Hylobatidae,Primates,49,3065
Hylobates lar,Hylobates,Hylobatidae,Primates,56,2772
Hylobates moloch,Hylobates,Hylobatidae,Primates,45,3092
Hylobates muelleri,Hylobates,Hylobatidae,Primates,60,3056
Hylobates pileatus,Hylobates,Hylobatidae,Primates,38,2783
Nomascus concolor,Nomascus,Hylobatidae,Primates,46.1,3287
Nomascus leucogenys,Nomascus,Hylobatidae,Primates,44.1,3277
Symphalangus syndactylus,Symphalangus,Hylobatidae,Primates,43,2421
Propithecus diadema,Propithecus,Indriidae,Primates,21,1343
Propithecus verreauxi,Propithecus,Indriidae,Primates,31,1060
Eulemur coronatus,Eulemur,Lemuridae,Primates,27,734
Eulemur fulvus,Eulemur,Lemuridae,Primates,35.5,627
Eulemur macaco,Eulemur,Lemuridae,Primates,37.5,660
Eulemur mongoz,Eulemur,Lemuridae,Primates,36.2,770
Eulemur rubriventer,Eulemur,Lemuridae,Primates,31.7,766
Hapalemur griseus,Hapalemur,Lemuridae,Primates,23.3,1025
Lemur catta,Lemur,Lemuridae,Primates,37.3,730
Varecia rubra,Varecia,Lemuridae,Primates,37.5,707
Varecia variegata,Varecia,Lemuridae,Primates,40,703
Arctocebus calabarensis,Arctocebus,Lorisidae,Primates,13,412
Loris tardigradus,Loris,Lorisidae,Primates,21.6,546
Nycticebus coucang,Nycticebus,Lorisidae,Primates,25.8,766
Xanthonycticebus pygmaeus,Xanthonycticebus,Lorisidae,Primates,19.3,461
Perodicticus potto,Perodicticus,Lorisidae,Primates,32.4,717
Cacajao calvus,Cacajao,Pitheciidae,Primates,35.8,1386
Chiropotes albinasus,Chiropotes,Pitheciidae,Primates,20,1620
Chiropotes satanas,Chiropotes,Pitheciidae,Primates,19.6,1620
Pithecia pithecia,Pithecia,Pitheciidae,Primates,36,933
Plecturocebus cupreus,Plecturocebus,Pitheciidae,Primates,26.4,1228
Plecturocebus moloch,Plecturocebus,Pitheciidae,Primates,26.2,1075
Cephalopachus bancanus,Cephalopachus,Tarsiidae,Primates,16.3,1098
Elephas maximus,Elephas,Elephantidae,Proboscidea,79.6,3931
Loxodonta africana,Loxodonta,Elephantidae,Proboscidea,65,4688
Fukomys damarensis,Fukomys,Bathyergidae,Rodentia,15.5,604
Cryptomys hottentotus,Cryptomys,Bathyergidae,Rodentia,11,531
Georychus capensis,Georychus,Bathyergidae,Rodentia,11.2,348
Heterocephalus glaber,Heterocephalus,Bathyergidae,Rodentia,31,298
Capromys pilorides,Capromys,Capromyidae,Rodentia,13.8,429
Geocapromys brownii,Geocapromys,Capromyidae,Rodentia,13.5,488
Castor canadensis,Castor,Castoridae,Rodentia,23.4,767
Cavia aperea,Cavia,Caviidae,Rodentia,6,137
Cavia porcellus,Cavia,Caviidae,Rodentia,12,134
Cavia tschudii,Cavia,Caviidae,Rodentia,6.3,126
Dolichotis patagonum,Dolichotis,Caviidae,Rodentia,14.4,243
Galea musteloides,Galea,Caviidae,Rodentia,3.5,120
Galea spixii,Galea,Caviidae,Rodentia,4.6,123
Hydrochoerus hydrochaeris,Hydrochoerus,Hydrochaeridae,Rodentia,15.1,606
Kerodon rupestris,Kerodon,Caviidae,Rodentia,12.9,226
Chinchilla lanigera,Chinchilla,Chinchillidae,Rodentia,17.2,351
Lagostomus maximus,Lagostomus,Chinchillidae,Rodentia,10.8,412
Arvicola amphibius,Arvicola,Cricetidae,Rodentia,2.5,72
Baiomys taylori,Baiomys,Cricetidae,Rodentia,3.3,64
Cricetus cricetus,Cricetus,Cricetidae,Rodentia,3.6,63
Dicrostonyx groenlandicus,Dicrostonyx,Cricetidae,Rodentia,3.3,60
Ellobius talpinus,Ellobius,Cricetidae,Rodentia,6.4,120
Lagurus lagurus,Lagurus,Cricetidae,Rodentia,3.8,58
Lemmus lemmus,Lemmus,Cricetidae,Rodentia,3.3,43
Mesocricetus auratus,Mesocricetus,Cricetidae,Rodentia,3.9,64
Mesocricetus brandti,Mesocricetus,Cricetidae,Rodentia,4.4,56
Microtus agrestis,Microtus,Cricetidae,Rodentia,4.8,57
Microtus arvalis,Microtus,Cricetidae,Rodentia,4.8,59
Microtus guentheri,Microtus,Cricetidae,Rodentia,3.9,81
Microtus ochrogaster,Microtus,Cricetidae,Rodentia,5.3,70
Microtus pinetorum,Microtus,Cricetidae,Rodentia,3.8,119
Myodes glareolus,Myodes,Cricetidae,Rodentia,4.9,67
Neotoma albigula,Neotoma,Cricetidae,Rodentia,9.5,113
Neotoma floridana,Neotoma,Cricetidae,Rodentia,8.6,128
Neotoma lepida,Neotoma,Cricetidae,Rodentia,10.5,109
Onychomys leucogaster,Onychomys,Cricetidae,Rodentia,5.6,131
Onychomys torridus,Onychomys,Cricetidae,Rodentia,4.6,71
Peromyscus californicus,Peromyscus,Cricetidae,Rodentia,5.5,76
Peromyscus crinitus,Peromyscus,Cricetidae,Rodentia,7.7,94
Peromyscus eremicus,Peromyscus,Cricetidae,Rodentia,7.4,155
Peromyscus guatemalensis,Peromyscus,Cricetidae,Rodentia,5.7,81
Peromyscus leucopus,Peromyscus,Cricetidae,Rodentia,7.9,99
Peromyscus maniculatus,Peromyscus,Cricetidae,Rodentia,8.3,73
Peromyscus polionotus,Peromyscus,Cricetidae,Rodentia,5.5,52
Peromyscus truei,Peromyscus,Cricetidae,Rodentia,5.4,76
Phodopus roborovskii,Phodopus,Cricetidae,Rodentia,4.8,264
Phodopus sungorus,Phodopus,Cricetidae,Rodentia,3.9,140
Podomys floridanus,Podomys,Cricetidae,Rodentia,7.4,63
Sigmodon hispidus,Sigmodon,Cricetidae,Rodentia,5.2,67
Tylomys nudicaudus,Tylomys,Cricetidae,Rodentia,5.4,122
Ctenodactylus gundi,Ctenodactylus,Ctenodactylidae,Rodentia,5.8,393
Cuniculus paca,Cuniculus,Cuniculidae,Rodentia,16.3,481
Cuniculus taczanowskii,Cuniculus,Cuniculidae,Rodentia,18.9,457
Dasyprocta leporina,Dasyprocta,Dasyproctidae,Rodentia,17.8,305
Dasyprocta punctata,Dasyprocta,Dasyproctidae,Rodentia,13.8,599
Myoprocta acouchy,Myoprocta,Dasyproctidae,Rodentia,14.8,403
Jaculus jaculus,Jaculus,Dipodidae,Rodentia,7.3,365
Zapus hudsonius,Zapus,Dipodidae,Rodentia,5.6,80
Proechimys brevicauda,Proechimys,Echimyidae,Rodentia,6.8,212
Proechimys semispinosus,Proechimys,Echimyidae,Rodentia,5.8,210
Thrichomys apereoides,Thrichomys,Echimyidae,Rodentia,7,272
Coendou prehensilis,Coendou,Erethizontidae,Rodentia,26.6,781
Geomys bursarius,Geomys,Geomyidae,Rodentia,12,142
Thomomys bottae,Thomomys,Geomyidae,Rodentia,6.1,338
Eliomys melanurus,Eliomys,Gliridae,Rodentia,6.2,573
Eliomys quercinus,Eliomys,Gliridae,Rodentia,5.5,388
Glirulus japonicus,Glirulus,Gliridae,Rodentia,7,175
Glis glis,Glis,Gliridae,Rodentia,8.7,347
Muscardinus avellanarius,Muscardinus,Gliridae,Rodentia,5.3,358
Chaetodipus fallax,Chaetodipus,Heteromyidae,Rodentia,8.3,191
Chaetodipus formosus,Chaetodipus,Heteromyidae,Rodentia,7.1,393
Dipodomys deserti,Dipodomys,Heteromyidae,Rodentia,8.6,81
Dipodomys heermanni,Dipodomys,Heteromyidae,Rodentia,8.3,84
Dipodomys merriami,Dipodomys,Heteromyidae,Rodentia,9.7,130
Dipodomys ordii,Dipodomys,Heteromyidae,Rodentia,9.9,90
Dipodomys spectabilis,Dipodomys,Heteromyidae,Rodentia,12.7,333
Perognathus longimembris,Perognathus,Heteromyidae,Rodentia,8.3,173
Perognathus parvus,Perognathus,Heteromyidae,Rodentia,5.8,124
Hystrix africaeaustralis,Hystrix,Hystricidae,Rodentia,23.1,469
Acomys cahirinus,Acomys,Muridae,Rodentia,5.9,96
Apodemus argenteus,Apodemus,Muridae,Rodentia,5,84
Apodemus flavicollis,Apodemus,Muridae,Rodentia,4.5,78
Apodemus peninsulae,Apodemus,Muridae,Rodentia,4.4,77
Apodemus sylvaticus,Apodemus,Muridae,Rodentia,6.3,94
Arvicanthis niloticus,Arvicanthis,Muridae,Rodentia,6.7,67
Chiropodomys gliroides,Chiropodomys,Muridae,Rodentia,3.6,121
Gerbilliscus afra,Gerbilliscus,Muridae,Rodentia,5.7,175
Gerbilliscus validus,Gerbilliscus,Muridae,Rodentia,5,124
Gerbillus perpallidus,Gerbillus,Muridae,Rodentia,5.5,113
Gerbillus pyramidum,Gerbillus,Muridae,Rodentia,8.2,95
Grammomys dolichurus,Grammomys,Muridae,Rodentia,4.4,97
Hydromys chrysogaster,Hydromys,Muridae,Rodentia,7.3,199
Lemniscomys striatus,Lemniscomys,Muridae,Rodentia,4.8,193
Leporillus conditor,Leporillus,Muridae,Rodentia,5.3,265
Meriones crassus,Meriones,Muridae,Rodentia,5.6,83
Meriones libycus,Meriones,Muridae,Rodentia,5.2,117
Meriones unguiculatus,Meriones,Muridae,Rodentia,6.3,68
Mesembriomys gouldii,Mesembriomys,Muridae,Rodentia,7.8,115
Micromys minutus,Micromys,Muridae,Rodentia,3.8,60
Mus minutoides,Mus,Muridae,Rodentia,4.3,80
Mus musculus,Mus,Muridae,Rodentia,4,61
Mus spicilegus,Mus,Muridae,Rodentia,3.5,85
Notomys alexis,Notomys,Muridae,Rodentia,6.4,110
Notomys mitchellii,Notomys,Muridae,Rodentia,5.3,110
Pachyuromys duprasi,Pachyuromys,Muridae,Rodentia,8.3,75
Praomys tullbergi,Praomys,Muridae,Rodentia,5.2,106
Psammomys obesus,Psammomys,Muridae,Rodentia,3.2,124
Pseudomys australis,Pseudomys,Muridae,Rodentia,7.9,176
Rattus fuscipes,Rattus,Muridae,Rodentia,5.3,133
Rattus lutreolus,Rattus,Muridae,Rodentia,4.4,106
Rattus norvegicus,Rattus,Muridae,Rodentia,3.8,111
Rattus rattus,Rattus,Muridae,Rodentia,4.2,112
Rhabdomys pumilio,Rhabdomys,Muridae,Rodentia,4.5,67
Rhombomys opimus,Rhombomys,Muridae,Rodentia,4.5,133
Tatera indica,Tatera,Muridae,Rodentia,7,103
Myocastor coypus,Myocastor,Myocastoridae,Rodentia,19,283
Cricetomys emini,Cricetomys,Nesomyidae,Rodentia,7.4,196
Cricetomys gambianus,Cricetomys,Nesomyidae,Rodentia,8.4,192
Hypogeomys antimena,Hypogeomys,Nesomyidae,Rodentia,12.6,850
Mystromys albicaudatus,Mystromys,Nesomyidae,Rodentia,6.3,147
Saccostomus campestris,Saccostomus,Nesomyidae,Rodentia,4.5,66
Octodon degus,Octodon,Octodontidae,Rodentia,14,272
Pedetes capensis,Pedetes,Pedetidae,Rodentia,20,1114
Ammospermophilus harrisii,Ammospermophilus,Sciuridae,Rodentia,10.6,349
Ammospermophilus leucurus,Ammospermophilus,Sciuridae,Rodentia,11.2,394
Callosciurus notatus,Callosciurus,Sciuridae,Rodentia,14.8,462
Callospermophilus lateralis,Callospermophilus,Sciuridae,Rodentia,10.4,667
Cynomys ludovicianus,Cynomys,Sciuridae,Rodentia,15,760
Glaucomys sabrinus,Glaucomys,Sciuridae,Rodentia,14.2,250
Glaucomys volans,Glaucomys,Sciuridae,Rodentia,19,250
Ictidomys tridecemlineatus,Ictidomys,Sciuridae,Rodentia,7.9,382
Marmota caligata,Marmota,Sciuridae,Rodentia,12.1,937
Marmota flaviventris,Marmota,Sciuridae,Rodentia,21.2,760
Marmota marmota,Marmota,Sciuridae,Rodentia,17.4,765
Marmota monax,Marmota,Sciuridae,Rodentia,14,580
Marmota vancouverensis,Marmota,Sciuridae,Rodentia,12.1,1216
Otospermophilus variegatus,Otospermophilus,Sciuridae,Rodentia,9.8,451
Poliocitellus franklinii,Poliocitellus,Sciuridae,Rodentia,7.2,355
Ratufa bicolor,Ratufa,Sciuridae,Rodentia,19,1110
Sciurus carolinensis,Sciurus,Sciuridae,Rodentia,23.6,387
Sciurus niger,Sciurus,Sciuridae,Rodentia,16,397
Sciurus vulgaris,Sciurus,Sciuridae,Rodentia,14.8,334
Spermophilus citellus,Spermophilus,Sciuridae,Rodentia,6.7,341
Tamias minimus,Tamias,Sciuridae,Rodentia,10,395
Tamias sibiricus,Tamias,Sciuridae,Rodentia,9.6,385
Tamias striatus,Tamias,Sciuridae,Rodentia,9.5,218
Tamias townsendii,Tamias,Sciuridae,Rodentia,9.3,381
Tamiasciurus hudsonicus,Tamiasciurus,Sciuridae,Rodentia,9.8,379
Xerospermophilus tereticaudus,Xerospermophilus,Sciuridae,Rodentia,8.9,353
Xerus erythropus,Xerus,Sciuridae,Rodentia,10.3,436
Xerus inauris,Xerus,Sciuridae,Rodentia,11.5,410
Thryonomys swinderianus,Thryonomys,Thryonomyidae,Rodentia,5.4,520
Tupaia belangeri,Tupaia,Tupaiidae,Scandentia,11.1,168
Tupaia glis,Tupaia,Tupaiidae,Scandentia,12.4,136
Tupaia minor,Tupaia,Tupaiidae,Scandentia,12.2,111
Dugong dugon,Dugong,Dugongidae,Sirenia,73,3844
Trichechus inunguis,Trichechus,Trichechidae,Sirenia,40,1424
Trichechus manatus,Trichechus,Trichechidae,Sirenia,69,1613
Solenodon paradoxus,Solenodon,Solenodontidae,Eulipotyphla,12.1,878
Blarina brevicauda,Blarina,Soricidae,Eulipotyphla,2.2,63
Blarina hylophaga,Blarina,Soricidae,Eulipotyphla,2.8,107
Crocidura leucodon,Crocidura,Soricidae,Eulipotyphla,2.9,125
Crocidura russula,Crocidura,Soricidae,Eulipotyphla,4,104
Crocidura suaveolens,Crocidura,Soricidae,Eulipotyphla,2.8,202
Cryptotis parvus,Cryptotis,Soricidae,Eulipotyphla,3.5,61
Neomys fodiens,Neomys,Soricidae,Eulipotyphla,3.1,126
Sorex araneus,Sorex,Soricidae,Eulipotyphla,3.2,219
Suncus etruscus,Suncus,Soricidae,Eulipotyphla,3.2,392
Suncus murinus,Suncus,Soricidae,Eulipotyphla,3.2,66
Condylura cristata,Condylura,Talpidae,Eulipotyphla,2.5,344
Scalopus aquaticus,Scalopus,Talpidae,Eulipotyphla,6.2,371
Orycteropus afer,Orycteropus,Orycteropodidae,Tubulidentata,29.8,955
Subulo gouazoubira,Subulo,Cervidae,Artiodactyla,14.8,607
Cervus albirostris,Cervus,Cervidae,Artiodactyla,21.3,983
Mustela eversmannii,Mustela,Mustelidae,Carnivora,9.1,355
Lagothrix lagotricha,Lagothrix,Atelidae,Primates,32,2778
